{
  "total_images": 31783,
  "basic_statistics": {
    "mean_rank": 75.86354340370639,
    "median_rank": 3.0,
    "std_rank": 511.0811625047473,
    "min_rank": 1,
    "max_rank": 26369
  },
  "percentiles": {
    "1th": 1.0,
    "5th": 1.0,
    "10th": 1.0,
    "25th": 1.0,
    "50th": 3.0,
    "75th": 20.0,
    "90th": 97.0,
    "95th": 248.0,
    "99th": 1370.0
  },
  "top_k_accuracy": {
    "top_1": "34.78%",
    "top_5": "57.36%",
    "top_10": "66.54%",
    "top_20": "75.15%",
    "top_50": "84.78%",
    "top_100": "90.20%",
    "top_500": "97.30%",
    "top_1000": "98.60%"
  },
  "quality_distribution": {
    "perfect": 11053,
    "excellent_2_10": 10096,
    "good_11_100": 7520,
    "fair_101_1000": 2668,
    "poor_1000_plus": 446
  }
}