{
  "total_images": 118287,
  "basic_statistics": {
    "mean_rank": 541.7718599677056,
    "median_rank": 58.0,
    "std_rank": 3168.4365713133902,
    "min_rank": 1,
    "max_rank": 118013
  },
  "percentiles": {
    "1th": 1.0,
    "5th": 1.0,
    "10th": 1.0,
    "25th": 7.0,
    "50th": 58.0,
    "75th": 343.0,
    "90th": 1122.0,
    "95th": 1918.0,
    "99th": 5799.0
  },
  "top_k_accuracy": {
    "top_1": "11.16%",
    "top_5": "22.81%",
    "top_10": "29.29%",
    "top_20": "36.80%",
    "top_50": "48.23%",
    "top_100": "57.54%",
    "top_500": "80.06%",
    "top_1000": "88.75%"
  },
  "quality_distribution": {
    "perfect": 13202,
    "excellent_2_10": 21445,
    "good_11_100": 33419,
    "fair_101_1000": 36919,
    "poor_1000_plus": 13302
  }
}