{
  "total_images": 30382,
  "basic_statistics": {
    "mean_rank": 838.2211177670989,
    "median_rank": 21.0,
    "std_rank": 3123.3907428451294,
    "min_rank": 1,
    "max_rank": 30378
  },
  "percentiles": {
    "1th": 1.0,
    "5th": 1.0,
    "10th": 1.0,
    "25th": 2.0,
    "50th": 21.0,
    "75th": 212.0,
    "90th": 1416.0,
    "95th": 4050.8499999999913,
    "99th": 18897.459999999955
  },
  "top_k_accuracy": {
    "top_1": "19.44%",
    "top_5": "35.39%",
    "top_10": "42.28%",
    "top_20": "49.56%",
    "top_50": "59.39%",
    "top_100": "66.84%",
    "top_500": "82.71%",
    "top_1000": "87.90%"
  },
  "quality_distribution": {
    "perfect": 5905,
    "excellent_2_10": 6940,
    "good_11_100": 7461,
    "fair_101_1000": 6399,
    "poor_1000_plus": 3677
  }
}